Player,Team,OwnershipTotal,OwnershipTop1000,OwnershipTop100,OwnershipTop10
Jack Macrae,STK,73.9413,87.7,100,100
Caleb Daniel,NTH,77.0942,87.4,100,100
Sam Davidson,WBD,63.5953,86.8,100,100
Tom De Koning,CAR,51.9295,85.2,99,100
Clayton Oliver,MEL,63.0302,84.2,95,90
Nathan O'Driscoll,FRE,50.1526,83.1,96,100
Zach Reid,ESS,64.1962,82.6,99,100
Mitch Knevitt,GEE,47.2746,77.2,88,100
Luke Trainor,RIC,55.9246,77.2,84,100
Levi Ashcroft,BRL,71.4318,75.6,86,90
Matt Roberts,SYD,40.2186,73.2,74,50
Harry Boyd,STK,57.5148,71.1,86,80
Xavier Lindsay,MEL,40.18,70.8,81,70
Tristan Xerri,NTH,55.0279,64.5,79,80
Izak Rankine,ADE,31.6258,63,68,60
Harry Sheezel,NTH,64.129,62.4,61,70
Lucas Camporeale,CAR,45.4932,62.3,74,80
Dayne Zorko,BRL,18.7868,60.2,78,90
Connor Rozee,PTA,27.0468,59.2,66,50
Jason Horne-Francis,PTA,54.7839,58.7,59,50
Bailey Smith,GEE,68.302,56.2,64,70
Elijah Hewett,WCE,48.4329,56,61,40
Isaac Kako,ESS,70.3252,55.5,60,60
Conor Stone,GWS,28.7279,54.4,55,40
Adam Cerra,CAR,14.3698,52.7,51,50
Jack Henderson,MEL,20.8683,52.7,59,70
Andrew Brayshaw,FRE,11.5077,38.4,36,50
Ben Paton,SYD,32.0191,37.7,37,40
Murphy Reid,FRE,19.472,33.5,45,50
Connor O'Sullivan,GEE,31.6913,33.1,29,40
Max Holmes,GEE,26.2762,32.7,44,60
Max Hall,STK,23.6769,32.5,45,30
Finn Callaghan,GWS,36.7143,30.8,24,10
Jordan Clark,FRE,8.79216,29.5,41,30
James Leake,GWS,38.9732,28.2,32,50
Jack Sinclair,STK,10.0497,27.5,40,50
Riley Bice,SYD,22.1187,25.8,30,10
Will Ashcroft,BRL,17.7644,24.9,29,40
Jordan Dawson,ADE,12.7492,23.9,26,20
Finn O'Sullivan,NTH,37.0117,23.7,21,10
Elijah Tsatas,ESS,34.766,22.9,28,10
Bailey Dale,WBD,14.118,21.2,25,20
Joel Freijah,WBD,18.2828,20.5,32,10
Jaxon Prior,ESS,17.5463,20.2,20,30
Sam Powell-Pepper,PTA,21.1707,20,18,10
Sam De Koning,GEE,25.3944,18.2,18,20
Tom Liberatore,WBD,5.44209,17.8,35,40
Josh Dunkley,BRL,8.94364,16,25,40
Jayden Short,RIC,19.7325,15.2,18,20
Luke Jackson,FRE,15.1607,15,24,40
Sam Lalor,RIC,28.458,14.6,16,40
Nasiah Wanganeen-Milera,STK,11.4581,13.3,15,0
Max Gawn,MEL,19.7132,12.7,9,0
Bo Allan,WCE,20.8959,12.7,12,0
Caleb Serong,FRE,23.6026,12.5,15,20
Angus Hastie,STK,7.54952,12.5,17,20
Archer Reid,WCE,14.5372,10,13,10
Will Day,HAW,29.8874,8.1,6,0
Joe Berry,PTA,12.1764,7.9,10,10
Lachie Whitfield,GWS,13.0048,7.7,6,20
Matt Flynn,WCE,17.608,7.3,5,0
Corey Warner,SYD,7.69273,7.1,9,20
Jy Simpkin,NTH,6.55088,6.2,11,10
Hugh Boxshall,STK,7.68116,6.1,3,0
Aidan Johnson,MEL,2.74253,5.9,8,0
Noah Anderson,GCS,7.14246,5.7,7,10
Lachie Neale,BRL,25.4335,5.2,4,0
Tom Lynch,RIC,16.6678,4.8,4,0
Ryley Sanders,WBD,18.7669,4.8,6,10
Neil Erasmus,FRE,15.3425,4.4,8,10
Nick Daicos,COL,28.962,4.3,2,0
Sam Darcy,WBD,7.36555,4,4,10
Hugo Garcia,STK,9.32095,3.8,5,10
Ed Richards,WBD,1.38751,3.8,7,10
Zach Merrett,ESS,8.77564,3.7,4,0
Christian Petracca,MEL,9.69936,3.7,2,0
Patrick Cripps,CAR,14.3004,3.6,5,0
Liam O'Connell,STK,3.62218,3.4,6,0
James Sicily,HAW,7.91251,3.1,1,0
Jake Soligo,ADE,2.80422,3,4,0
Liam Reidy,FRE,7.8745,3,3,0
Harry Armstrong,RIC,5.81554,3,5,10
Thomas Edwards,ESS,2.82735,2.9,3,10
Ricky Mentha,MEL,6.30302,2.8,5,0
Toby Nankervis,RIC,2.51394,2.8,3,0
Archer Day-Wicks,ESS,6.83676,2.7,6,30
Saad El-Hawli,ESS,14.0178,2.7,3,0
Matt Rowell,GCS,4.11351,2.6,3,10
Bailey Humphrey,GCS,2.13002,2.4,1,0
Lloyd Meek,HAW,7.46304,2.4,3,0
Jacob Konstanty,NTH,3.0945,2.4,3,10
Wayne Milera,ADE,5.11049,2.3,2,0
Aiden Riddle,FRE,1.8871,2.1,1,0
Luke Parker,NTH,13.7848,1.9,0,0
Ted Clohesy,GEE,3.23716,1.7,3,0
Jake Bowey,MEL,1.89261,1.7,5,0
Josh Sinn,PTA,4.20605,1.6,1,0
Joel Hamling,SYD,1.30103,1.6,2,10
Luke Davies-Uniacke,NTH,5.58585,1.5,1,10
Tom Powell,NTH,1.75766,1.5,3,0
Josh Dolan,WBD,1.88435,1.5,1,0
Riley Thilthorpe,ADE,1.8199,1.4,1,0
Tom Hanily,SYD,3.5682,1.4,1,0
Thomas Sims,RIC,6.5597,1.2,1,0
Coen Livingstone,WCE,0.446163,1.2,0,0
Sid Draper,ADE,15.7606,1.1,0,0
Jye Caldwell,ESS,1.81274,1.1,4,0
Christian Salem,MEL,2.76896,1.1,3,0
Ben Jepson,GCS,2.02095,1.1,1,0
Dan Houston,COL,10.5195,1,2,0
Harry Perryman,COL,7.86128,1,0,0
Harvey Langford,MEL,9.25706,1,1,0
Tobie Travaglia,STK,11.7501,1,2,0
Daniel Curtin,ADE,6.17247,0.9,2,10
Darcy Cameron,COL,6.33882,0.9,0,0
Ned Long,COL,3.2994,0.9,1,0
Charlie West,COL,0.879106,0.9,0,0
Tom Stewart,GEE,5.62,0.8,2,10
Cody Angove,GWS,2.7271,0.8,1,0
Lachie Ash,GWS,2.62906,0.8,0,0
Karl Amon,HAW,3.12094,0.8,2,0
Matt Whitlock,NTH,4.73043,0.8,0,0
Jack Ross,RIC,2.31289,0.8,4,0
Angus Sheldrick,SYD,4.91495,0.8,2,0
Lachlan Gulbin,GCS,1.08897,0.7,3,10
Joe Pike,GEE,1.11981,0.7,0,0
Sam Taylor,GWS,5.06918,0.7,0,0
Josh Ward,HAW,1.50153,0.7,1,0
Kane Farrell,PTA,0.913808,0.7,0,0
Rowan Marshall,STK,2.44619,0.7,0,0
Matthew Kennedy,WBD,1.84028,0.7,2,0
Liam Baker,WCE,3.43435,0.7,0,0
Nic Martin,ESS,5.181,0.6,0,0
Jayden Nguyen,ESS,2.19116,0.6,1,10
Jaime Uhr-Henry,HAW,1.28616,0.6,0,0
Kade Chandler,MEL,2.17959,0.6,0,0
Miles Bergman,PTA,1.55937,0.6,2,0
Tom Cochrane,PTA,1.90804,0.6,0,0
Kamdyn McIntosh,RIC,1.8849,0.6,2,0
Tyrell Dewar,WCE,0.853769,0.6,1,0
Zac Bailey,BRL,2.41975,0.5,1,0
Harry Charleson,CAR,3.49219,0.5,0,0
Jack Silvagni,CAR,2.09807,0.5,2,0
Corey Wagner,FRE,0.826228,0.5,1,10
Lachie Weller,GCS,0.707802,0.5,1,0
Jarrod Witts,GCS,1.84855,0.5,0,0
Max Gruzewski,GWS,2.27213,0.5,1,0
Jordon Sweet,PTA,1.72076,0.5,1,0
Jacob Blight,RIC,1.51255,0.5,0,0
Darcy Wilson,STK,1.70699,0.5,0,0
Tim English,WBD,5.33468,0.5,0,0
Malakai Champion,WCE,1.88931,0.5,1,10
Jack Graham,WCE,1.54725,0.5,2,0
Rory Laird,ADE,0.589927,0.4,1,10
James Peatling,ADE,4.83729,0.4,1,0
Josh Rachele,ADE,1.63428,0.4,0,0
Ethan Read,GCS,1.56873,0.4,0,0
Cam Mackenzie,HAW,2.06667,0.4,2,0
Nick Blakey,SYD,2.94412,0.4,1,0
Jeremy McGovern,WCE,1.52026,0.4,1,0
Sandy Brock,WCE,1.25036,0.4,2,0
Isaiah Dudley,FRE,1.05372,0.4,0,0
Deven Robertson,BRL,3.91081,0.3,0,0
Edward Allan,COL,2.07383,0.3,0,0
Ben Hobbs,ESS,1.25366,0.3,0,0
Lawson Humphries,GEE,1.57865,0.3,0,0
Tom Green,GWS,1.38806,0.3,0,0
Finnbar Maley,NTH,0.435147,0.3,0,0
Logan Evans,PTA,0.851015,0.3,1,0
Jeremy Finlayson,PTA,1.18371,0.3,0,0
Max Heath,STK,0.951814,0.3,0,0
Jack Steele,STK,0.972745,0.3,0,0
Braeden Campbell,SYD,1.31976,0.3,1,0
Luke Cleary,WBD,1.83092,0.3,2,0
Ryan Maric,WCE,1.4437,0.3,0,0
Darcy Fort,BRL,2.53597,0.2,0,0
Will McLachlan,BRL,0.204354,0.2,0,0
Jesse Motlop,CAR,1.82156,0.2,1,0
Adam Saad,CAR,1.6497,0.2,0,0
Sam Walsh,CAR,1.92015,0.2,0,0
Sam Draper,ESS,4.3377,0.2,0,0
Archie Roberts,ESS,1.70699,0.2,0,0
Luke Ryan,FRE,5.97969,0.2,0,0
Zak Evans,GCS,1.97028,0.2,0,0
Touk Miller,GCS,0.756825,0.2,0,0
Daniel Rioli,GCS,2.66321,0.2,0,0
Jeremy Cameron,GEE,5.03724,0.2,0,0
Lachlan Keeffe,GWS,3.41563,0.2,1,0
Dylan Moore,HAW,8.15487,0.2,0,0
Jai Newcombe,HAW,3.30326,0.2,1,0
Trent Rivers,MEL,1.99947,0.2,0,0
Benny Barrett,PTA,1.03223,0.2,0,0
Alex Dodson,STK,0.327737,0.2,2,10
Isaac Heeney,SYD,6.10527,0.2,0,0
Chad Warner,SYD,3.97911,0.2,0,0
Jedd Busslinger,WBD,2.1851,0.2,0,0
Laitham Vandermeer,WBD,1.16939,0.2,1,0
Josh Lai,PTA,1.17324,0.2,1,0
Ben Keays,ADE,1.3798,0.1,0,0
Nick Murray,ADE,0.831185,0.1,0,0
Toby Murray,ADE,0.113469,0.1,0,0
Tyler Welsh,ADE,0.347566,0.1,0,0
Noah Answerth,BRL,0.9419,0.1,1,0
Hugh McCluggage,BRL,0.678058,0.1,0,0
James Tunstill,BRL,0.63289,0.1,0,0
Darcy Wilmot,BRL,0.640051,0.1,0,0
Ben Camporeale,CAR,0.656576,0.1,0,0
George Hewett,CAR,0.317822,0.1,0,0
Ashton Moir,CAR,0.8747,0.1,0,0
William Hayes,COL,0.711658,0.1,0,0
Patrick Lipinski,COL,2.56461,0.1,0,0
Nick Bryan,ESS,2.28645,0.1,0,0
Nate Caddy,ESS,2.20823,0.1,0,0
Shai Bolton,FRE,4.41756,0.1,0,0
Asher Eastham,GCS,1.41671,0.1,0,0
Ben King,GCS,1.28341,0.1,0,0
John Noble,GCS,0.992024,0.1,0,0
Jack Martin,GEE,1.87113,0.1,0,0
Gryan Miers,GEE,1.16057,0.1,0,0
Patrick Retschko,GEE,1.02507,0.1,0,0
Toby Greene,GWS,2.54919,0.1,0,0
Oliver Hannaford,GWS,0.455527,0.1,0,0
Cody Anderson,HAW,0.410911,0.1,0,0
Massimo D'Ambrosio,HAW,2.24183,0.1,0,0
Blake Hardwick,HAW,0.657677,0.1,0,0
Jed Adams,MEL,0.12779,0.1,0,0
Matthew Jefferson,MEL,0.351422,0.1,0,0
Harry Sharp,MEL,1.10384,0.1,0,0
Willie Rioli,PTA,0.501245,0.1,0,0
Ollie Wines,PTA,0.306806,0.1,1,0
James Trezise,RIC,0.803644,0.1,0,0
Eamonn Armstrong,STK,0.654923,0.1,0,0
Anthony Caminiti,STK,0.175711,0.1,0,0
Isaac Keeler,STK,0.230242,0.1,0,0
Arie Schoenmaker,STK,0.669244,0.1,0,0
Marcus Windhager,STK,0.399894,0.1,0,0
Jesse Dattoli,SYD,0.172957,0.1,0,0
Tom McCartin,SYD,0.576156,0.1,0,0
Sam Wicks,SYD,0.668694,0.1,0,0
Luke Kennedy,WBD,0.393284,0.1,0,0
Harry Barnett,WCE,0.486373,0.1,0,0
Rhett Bazzo,WCE,0.120078,0.1,0,0
Hamish Davis,WCE,0.408157,0.1,1,0
Tom Gross,WCE,0.521625,0.1,0,0
Matthew Carroll,CAR,1.7863,0.1,0,0
Will White,CAR,1.12312,0.1,0,0
Sam Berry,ADE,0.255029,0,0,0
Hugh Bond,ADE,0.149272,0,0,0
James Borlase,ADE,0.0501245,0,0,0
Chris Burgess,ADE,0.0523278,0,0,0
Jordon Butts,ADE,0.219777,0,0,0
Brayden Cook,ADE,0.0396589,0,0,0
Matt Crouch,ADE,0.388878,0,0,0
Isaac Cumming,ADE,2.61363,0,0,0
Billy Dowling,ADE,0.110164,0,0,0
Charlie Edwards,ADE,0.552471,0,0,0
Darcy Fogarty,ADE,0.642805,0,0,0
Karl Gallagher,ADE,0.10741,0,0,0
Mitchell Hinge,ADE,0.299094,0,0,0
Chayce Jones,ADE,0.0721572,0,0,0
Mark Keane,ADE,0.11457,0,0,0
Max Michalanney,ADE,0.296891,0,0,0
Lachlan Murphy,ADE,0.0793179,0,0,0
Luke Nankervis,ADE,0.165246,0,0,0
Alex Neal-Bullen,ADE,1.45967,0,0,0
Reilly O'Brien,ADE,0.535396,0,0,0
Luke Pedlar,ADE,0.222531,0,0,0
Oscar Ryan,ADE,0.150924,0,0,0
Harry Schoenberg,ADE,0.106859,0,0,0
Lachlan Sholl,ADE,0.116223,0,0,0
Brodie Smith,ADE,0.0848261,0,0,0
Kieran Strachan,ADE,0.146518,0,0,0
Zac Taylor,ADE,0.615815,0,0,0
Taylor Walker,ADE,0.386124,0,0,0
Josh Worrell,ADE,0.327186,0,0,0
Callum Ah Chee,BRL,0.481415,0,0,0
Harris Andrews,BRL,1.03168,0,0,0
Luke Beecken,BRL,0.111816,0,0,0
Jarrod Berry,BRL,0.313416,0,0,0
Shadeau Brain,BRL,0.155882,0,0,0
Charlie Cameron,BRL,0.935841,0,0,0
Keidean Coleman,BRL,1.9174,0,0,0
Darcy Craven,BRL,0.0622425,0,0,0
Sam Day,BRL,0.16855,0,0,0
Tom Doedee,BRL,0.194439,0,0,0
Jaspa Fletcher,BRL,0.678058,0,0,0
Ty Gallop,BRL,0.516668,0,0,0
Darcy Gardiner,BRL,0.0638949,0,0,0
Eric Hipwood,BRL,0.320026,0,0,0
Darragh Joyce,BRL,0.0892326,0,0,0
Ryan Lester,BRL,0.45112,0,0,0
Luke Lloyd,BRL,0.0528786,0,0,0
Kai Lohmann,BRL,1.37264,0,0,0
Sam Marshall,BRL,0.567343,0,0,0
Lincoln McCarthy,BRL,0.0660982,0,0,0
Oscar McInerney,BRL,1.25201,0,0,0
Conor McKenna,BRL,0.258334,0,0,0
Logan Morris,BRL,0.457179,0,0,0
Jack Payne,BRL,0.290832,0,0,0
Cam Rayner,BRL,1.05261,0,0,0
Bruce Reville,BRL,0.117324,0,0,0
Brandon Ryan,BRL,0.115121,0,0,0
Henry Smith,BRL,0.109613,0,0,0
Brandon Starcevich,BRL,0.553022,0,0,0
Reece Torrent,BRL,0.140459,0,0,0
Zane Zakostelsky,BRL,0.394937,0,0,0
Blake Acres,CAR,0.308458,0,0,0
Jaxon Binns,CAR,0.519422,0,0,0
Jordan Boyd,CAR,0.179016,0,0,0
Alex Cincotta,CAR,0.188931,0,0,0
Matthew Cottrell,CAR,0.971093,0,0,0
Lachlan Cowan,CAR,0.673651,0,0,0
Charlie Curnow,CAR,1.11926,0,0,0
Sam Docherty,CAR,0.51116,0,0,0
Matt Duffy,CAR,0.750215,0,0,0
Corey Durdin,CAR,0.0572851,0,0,0
Orazio Fantasia,CAR,0.302399,0,0,0
Lachie Fogarty,CAR,0.127239,0,0,0
Nick Haynes,CAR,0.762884,0,0,0
Elijah Hollands,CAR,0.117875,0,0,0
Oliver Hollands,CAR,1.47344,0,0,0
Brodie Kemp,CAR,0.283121,0,0,0
Harry Lemmey,CAR,0.0550819,0,0,0
Cooper Lord,CAR,0.912155,0,0,0
Mitch McGovern,CAR,0.230242,0,0,0
Harry McKay,CAR,1.06308,0,0,0
Rob Monahan,CAR,0.0236852,0,0,0
Nic Newman,CAR,0.0831736,0,0,0
Harry O'Farrell,CAR,0.213167,0,0,0
Hudson O'Keeffe,CAR,0.130544,0,0,0
Marc Pittonet,CAR,0.066649,0,0,0
Jagga Smith,CAR,1.86893,0,0,0
Jacob Weitering,CAR,1.7527,0,0,0
Zac Williams,CAR,1.00579,0,0,0
Billy Wilson,CAR,0.307357,0,0,0
Lewis Young,CAR,0.146518,0,0,0
Joel Cochran,COL,0.166898,0,0,0
Mason Cox,COL,1.04105,0,0,0
Jack Crisp,COL,0.502347,0,0,0
Josh Daicos,COL,1.90528,0,0,0
Jordan De Goey,COL,0.293035,0,0,0
Charlie Dean,COL,0.0798687,0,0,0
Harry DeMattia,COL,0.184524,0,0,0
Jamie Elliott,COL,0.823474,0,0,0
Billy Frampton,COL,0.261639,0,0,0
Harvey Harrison,COL,0.0308458,0,0,0
Bobby Hill,COL,2.32225,0,0,0
Will Hoskin-Elliott,COL,0.229691,0,0,0
Jeremy Howe,COL,0.391081,0,0,0
Tew Jiath,COL,0.427986,0,0,0
Ash Johnson,COL,0.264393,0,0,0
Finlay Macrae,COL,0.294688,0,0,0
Oleg Markov,COL,0.303501,0,0,0
Brayden Maynard,COL,0.887369,0,0,0
Beau McCreery,COL,0.490779,0,0,0
Reef McInnes,COL,0.481415,0,0,0
Daniel McStay,COL,2.44784,0,0,0
Tim Membrey,COL,1.12532,0,0,0
Brody Mihocek,COL,0.29579,0,0,0
Tom Mitchell,COL,0.149272,0,0,0
Darcy Moore,COL,1.06859,0,0,0
Wil Parker,COL,0.345363,0,0,0
Scott Pendlebury,COL,0.411461,0,0,0
Isaac Quaynor,COL,2.37678,0,0,0
Jakob Ryan,COL,0.147619,0,0,0
Lachie Schultz,COL,0.395488,0,0,0
Steele Sidebottom,COL,0.543107,0,0,0
Iliro Smit,COL,0.0947408,0,0,0
Oscar Steene,COL,0.195541,0,0,0
Lachlan Sullivan,COL,0.255029,0,0,0
Angus Clarke,ESS,0.219777,0,0,0
Nik Cox,ESS,0.240708,0,0,0
Alwyn Davey Jnr,ESS,0.206557,0,0,0
Sam Durham,ESS,1.2454,0,0,0
Xavier Duursma,ESS,0.301298,0,0,0
Kayle Gerreyn,ESS,0.176262,0,0,0
Todd Goldstein,ESS,0.276511,0,0,0
Jade Gresham,ESS,0.247868,0,0,0
Matt Guelfi,ESS,0.0517769,0,0,0
Lewis Hayes,ESS,0.117875,0,0,0
Zak Johnson,ESS,0.206557,0,0,0
Harrison Jones,ESS,0.391081,0,0,0
Kyle Langford,ESS,0.324983,0,0,0
Jayden Laverde,ESS,0.0892326,0,0,0
Luamon Lual,ESS,0.0771146,0,0,0
Andrew McGrath,ESS,0.621323,0,0,0
Ben McKay,ESS,0.428537,0,0,0
Jye Menzie,ESS,0.472051,0,0,0
Darcy Parish,ESS,0.158085,0,0,0
Archie Perkins,ESS,0.944103,0,0,0
Mason Redman,ESS,0.448917,0,0,0
Jordan Ridley,ESS,0.479212,0,0,0
Will Setterfield,ESS,0.211514,0,0,0
Dylan Shiel,ESS,0.459933,0,0,0
Rhys Unwin,ESS,0.138806,0,0,0
Vigo Visentini,ESS,0.0809703,0,0,0
Peter Wright,ESS,0.102452,0,0,0
James Aish,FRE,0.234649,0,0,0
Jye Amiss,FRE,0.622425,0,0,0
Bailey Banfield,FRE,0.09419,0,0,0
Will Brodie,FRE,0.388327,0,0,0
Jaren Carr,FRE,0.0688523,0,0,0
Heath Chapman,FRE,0.311212,0,0,0
Brennan Cox,FRE,0.176813,0,0,0
Sean Darcy,FRE,0.179016,0,0,0
Hugh Davies,FRE,0.365743,0,0,0
Jack Delean,FRE,0.0446163,0,0,0
Joshua Draper,FRE,0.766739,0,0,0
Michael Frederick,FRE,0.43735,0,0,0
Nat Fyfe,FRE,0.194439,0,0,0
Matthew Johnson,FRE,0.193888,0,0,0
Odin Jones,FRE,0.0754621,0,0,0
Oscar McDonald,FRE,0.277613,0,0,0
Ollie Murphy,FRE,0.156983,0,0,0
Quinton Narkle,FRE,0.620222,0,0,0
Charlie Nicholls,FRE,0.0600392,0,0,0
Jaeger O'Meara,FRE,0.683566,0,0,0
Alex Pearce,FRE,0.484169,0,0,0
Jeremy Sharp,FRE,0.492432,0,0,0
Cooper Simpson,FRE,0.249521,0,0,0
Sam Sturt,FRE,0.0457179,0,0,0
Sam Switkowski,FRE,0.209311,0,0,0
Josh Treacy,FRE,0.739198,0,0,0
Patrick Voss,FRE,0.0782162,0,0,0
Brandon Walker,FRE,0.131646,0,0,0
Michael Walters,FRE,0.185626,0,0,0
Karl Worner,FRE,0.692379,0,0,0
Hayden Young,FRE,0.192786,0,0,0
Ben Ainsworth,GCS,0.160288,0,0,0
Mac Andrew,GCS,0.684117,0,0,0
Charlie Ballard,GCS,0.11457,0,0,0
Cooper Bell,GCS,0.278163,0,0,0
Thomas Berry,GCS,0.0925375,0,0,0
Connor Budarick,GCS,0.0782162,0,0,0
Sam Clohesy,GCS,0.191685,0,0,0
Sam Collins,GCS,0.178465,0,0,0
Alex Davies,GCS,0.149823,0,0,0
Jy Farrar,GCS,0.0842752,0,0,0
Brayden Fiorini,GCS,0.0561835,0,0,0
Sam Flanders,GCS,2.49631,0,0,0
Caleb Graham,GCS,0.15478,0,0,0
Will Graham,GCS,0.135501,0,0,0
Elliott Himmelberg,GCS,0.042413,0,0,0
Nick Holman,GCS,1.18426,0,0,0
Joel Jeffrey,GCS,0.187278,0,0,0
Lloyd Johnston,GCS,0.0380065,0,0,0
Max Knobel,GCS,0.184524,0,0,0
Sean Lemmens,GCS,0.152577,0,0,0
Leonardo Lombard,GCS,0.546963,0,0,0
Ben Long,GCS,0.114019,0,0,0
Ned Moyle,GCS,0.0897834,0,0,0
Wil Powell,GCS,0.448366,0,0,0
Jake Rogers,GCS,0.532091,0,0,0
Malcolm Rosas,GCS,0.0556327,0,0,0
Alex Sexton,GCS,0.0804195,0,0,0
David Swallow,GCS,0.353625,0,0,0
Bodhi Uwland,GCS,0.251724,0,0,0
Jed Walter,GCS,0.321678,0,0,0
Tom Atkins,GEE,0.210963,0,0,0
Jed Bews,GEE,0.347016,0,0,0
Mark Blicavs,GEE,0.571199,0,0,0
Jack Bowes,GEE,0.202701,0,0,0
Tanner Bruhn,GEE,0.172957,0,0,0
Cillian Burke,GEE,0.651067,0,0,0
Jhye Clark,GEE,0.776103,0,0,0
Brad Close,GEE,0.353625,0,0,0
Toby Conway,GEE,0.187278,0,0,0
Patrick Dangerfield,GEE,0.539802,0,0,0
Oliver Dempsey,GEE,0.650517,0,0,0
Mitch Duncan,GEE,0.14101,0,0,0
Mitchell Edwards,GEE,0.147619,0,0,0
Cameron Guthrie,GEE,0.322229,0,0,0
Zach Guthrie,GEE,0.712759,0,0,0
Jack Henry,GEE,1.12422,0,0,0
Oliver Henry,GEE,0.939696,0,0,0
Lennox Hoffman,GEE,0.10796,0,0,0
Xavier Ivisic,GEE,0.751867,0,0,0
Jake Kolodjashnij,GEE,0.0908851,0,0,0
Shaun Mannagh,GEE,0.100249,0,0,0
Keighton Matofai-Forbes,GEE,0.0616917,0,0,0
Jacob Molier,GEE,0.122833,0,0,0
Oisin Mullin,GEE,0.65272,0,0,0
Shannon Neale,GEE,0.467645,0,0,0
Mark O'Connor,GEE,0.631238,0,0,0
Jay Polkinghorne,GEE,0.111265,0,0,0
Rhys Stanley,GEE,0.477009,0,0,0
Tyson Stengle,GEE,1.3126,0,0,0
George Stevens,GEE,0.128341,0,0,0
Oliver Wiltshire,GEE,0.155882,0,0,0
Leek Aleer,GWS,0.179016,0,0,0
Ryan Angwin,GWS,0.0506753,0,0,0
Toby Bedford,GWS,1.41836,0,0,0
Kieren Briggs,GWS,0.253377,0,0,0
Callum M. Brown,GWS,0.232996,0,0,0
Jack Buckley,GWS,0.160288,0,0,0
Aaron Cadman,GWS,0.653271,0,0,0
Stephen Coniglio,GWS,0.248419,0,0,0
Brent Daniels,GWS,1.33188,0,0,0
Josaia Delana,GWS,1.23218,0,0,0
Wade Derksen,GWS,0.0385573,0,0,0
Josh Fahey,GWS,0.054531,0,0,0
Joe Fonti,GWS,0.0980457,0,0,0
Phoenix Gothard,GWS,0.0908851,0,0,0
Harry Himmelberg,GWS,0.575055,0,0,0
Jesse Hogan,GWS,1.05647,0,0,0
Connor Idun,GWS,0.210963,0,0,0
Darcy Jones,GWS,0.447265,0,0,0
Josh Kelly,GWS,0.856523,0,0,0
Nicholas Madden,GWS,0.158085,0,0,0
Toby McMullin,GWS,0.0280917,0,0,0
Xavier O'Halloran,GWS,0.890123,0,0,0
Harrison Oliver,GWS,0.260537,0,0,0
Jack Ough,GWS,0.157534,0,0,0
Jake Riccardi,GWS,0.0462688,0,0,0
Harry Rowston,GWS,0.207108,0,0,0
Logan Smith,GWS,0.217573,0,0,0
Jake Stringer,GWS,0.322229,0,0,0
Harvey Thomas,GWS,0.054531,0,0,0
Callan Ward,GWS,0.325534,0,0,0
Nathan Wardius,GWS,0.0352524,0,0,0
Jacob Wehr,GWS,0.222531,0,0,0
Tom Barrass,HAW,1.12973,0,0,0
Josh Battle,HAW,1.1749,0,0,0
James Blanck,HAW,0.0683015,0,0,0
Luke Breust,HAW,0.47756,0,0,0
Sam Butler,HAW,0.126137,0,0,0
Mabior Chol,HAW,0.715513,0,0,0
Calsher Dear,HAW,0.225836,0,0,0
Sam Frost,HAW,1.19638,0,0,0
Jack Ginnivan,HAW,1.80668,0,0,0
Jack Gunston,HAW,0.151475,0,0,0
Matt Hill,HAW,0.814661,0,0,0
Henry Hustwaite,HAW,0.923723,0,0,0
Jarman Impey,HAW,0.365193,0,0,0
Changkuoth Jiath,HAW,0.402648,0,0,0
Mitch Lewis,HAW,0.218675,0,0,0
Bailey Macdonald,HAW,0.143764,0,0,0
Connor Macdonald,HAW,0.474806,0,0,0
Finn Maginness,HAW,1.33684,0,0,0
William McCabe,HAW,0.157534,0,0,0
Seamus Mitchell,HAW,0.266596,0,0,0
Harry Morrison,HAW,0.570097,0,0,0
Noah Mraz,HAW,0.133849,0,0,0
Conor Nash,HAW,0.460484,0,0,0
Max Ramsden,HAW,0.233547,0,0,0
Ned Reeves,HAW,0.506202,0,0,0
Bodie Ryan,HAW,0.0798687,0,0,0
Jasper Scaife,HAW,0.0958424,0,0,0
Jack Scrimshaw,HAW,0.240157,0,0,0
Jai Serong,HAW,0.611959,0,0,0
Nick Watson,HAW,1.80448,0,0,0
Josh Weddle,HAW,2.08705,0,0,0
James Worpel,HAW,0.196091,0,0,0
Jack Billings,MEL,0.256681,0,0,0
Kynan Brown,MEL,0.327737,0,0,0
Tom Campbell,MEL,0.788221,0,0,0
Bayley Fritsch,MEL,0.851015,0,0,0
Tom Fullarton,MEL,0.0721572,0,0,0
Marty Hore,MEL,0.0385573,0,0,0
Blake Howes,MEL,0.148721,0,0,0
Luker Kentfield,MEL,0.0192786,0,0,0
Ed Langdon,MEL,0.196091,0,0,0
Bailey Laurie,MEL,1.04325,0,0,0
Jake Lever,MEL,1.3765,0,0,0
Steven May,MEL,0.577258,0,0,0
Shane McAdam,MEL,0.0385573,0,0,0
Tom McDonald,MEL,0.168,0,0,0
Judd McVee,MEL,0.076013,0,0,0
Jake Melksham,MEL,0.0506753,0,0,0
Andy Moniz-Wakefield,MEL,0.0187278,0,0,0
Harrison Petty,MEL,0.28257,0,0,0
Kysaiah Pickett,MEL,0.213167,0,0,0
Oliver Sestan,MEL,0.036354,0,0,0
Charlie Spargo,MEL,0.566241,0,0,0
Tom Sparrow,MEL,0.294137,0,0,0
Koltyn Tholstrup,MEL,0.0247868,0,0,0
Daniel Turner,MEL,0.120629,0,0,0
Jacob van Rooyen,MEL,0.312314,0,0,0
Will Verrall,MEL,0.0864785,0,0,0
Jack Viney,MEL,0.377311,0,0,0
Caleb Windsor,MEL,0.581114,0,0,0
Taj Woewodin,MEL,1.50924,0,0,0
Jackson Archer,NTH,1.12863,0,0,0
Miller Bergman,NTH,0.208209,0,0,0
Callum Coleman-Jones,NTH,0.104656,0,0,0
Charlie Comben,NTH,0.286976,0,0,0
Aidan Corr,NTH,0.288629,0,0,0
Paul Curtis,NTH,0.560733,0,0,0
Jack Darling,NTH,0.674202,0,0,0
Kallan Dawson,NTH,0.0446163,0,0,0
Wil Dawson,NTH,0.387225,0,0,0
Zane Duursma,NTH,0.589927,0,0,0
Zac Fisher,NTH,0.123383,0,0,0
Eddie Ford,NTH,0.0683015,0,0,0
Brayden George,NTH,0.0308458,0,0,0
Taylor Goad,NTH,0.14817,0,0,0
Josh Goater,NTH,0.123383,0,0,0
Robert Hansen Jr,NTH,0.882411,0,0,0
Riley Hardeman,NTH,0.190583,0,0,0
Cooper Harvey,NTH,0.169101,0,0,0
Nick Larkey,NTH,1.73122,0,0,0
Griffin Logue,NTH,0.634543,0,0,0
Luke McDonald,NTH,0.329389,0,0,0
Colby McKercher,NTH,3.88768,0,0,0
Geordie Payne,NTH,0.171305,0,0,0
Will Phillips,NTH,0.192236,0,0,0
Toby Pink,NTH,0.182321,0,0,0
Bailey Scott,NTH,0.320576,0,0,0
Dylan Stephens,NTH,0.160288,0,0,0
River Stevens,NTH,0.35693,0,0,0
Brynn Teakle,NTH,0.0495737,0,0,0
Darcy Tucker,NTH,0.601494,0,0,0
Luke Urquhart,NTH,0.288629,0,0,0
George Wardlaw,NTH,0.131095,0,0,0
Cameron Zurhaar,NTH,0.577258,0,0,0
Aliir Aliir,PTA,0.797585,0,0,0
Tom Anastasopoulos,PTA,0.0506753,0,0,0
Rory Atkins,PTA,0.253927,0,0,0
Travis Boak,PTA,0.222531,0,0,0
Jase Burgoyne,PTA,0.428537,0,0,0
Ryan Burton,PTA,0.177364,0,0,0
Zak Butters,PTA,0.990372,0,0,0
Darcy Byrne-Jones,PTA,0.350321,0,0,0
Lachlan Charleson,PTA,0.115121,0,0,0
Willem Drew,PTA,0.241809,0,0,0
Mitch Georgiades,PTA,0.359134,0,0,0
Hugh Jackson,PTA,0.124485,0,0,0
Lachie Jones,PTA,0.508956,0,0,0
Ollie Lord,PTA,0.166347,0,0,0
Will Lorenz,PTA,0.348117,0,0,0
Jack Lukosius,PTA,0.347566,0,0,0
Todd Marshall,PTA,0.0396589,0,0,0
Jed McEntee,PTA,0.0793179,0,0,0
Jackson Mead,PTA,0.492432,0,0,0
Christian Moraes,PTA,1.03499,0,0,0
Jacob Moss,PTA,0.541455,0,0,0
Esava Ratugolea,PTA,0.0974949,0,0,0
Joe Richards,PTA,0.449468,0,0,0
Ivan Soldo,PTA,0.115121,0,0,0
Dante Visentini,PTA,0.137705,0,0,0
Xavier Walsh,PTA,0.0655474,0,0,0
Jack Whitlock,PTA,0.225285,0,0,0
Dylan Williams,PTA,0.166347,0,0,0
Brandon Zerk-Thatcher,PTA,0.0815211,0,0,0
Jasper Alger,RIC,0.159187,0,0,0
Noah Balta,RIC,0.172406,0,0,0
Sam Banks,RIC,0.334898,0,0,0
Jacob Bauer,RIC,0.544209,0,0,0
Nathan Broad,RIC,0.331593,0,0,0
Tom Brown,RIC,0.944103,0,0,0
Seth Campbell,RIC,0.343711,0,0,0
Judson Clarke,RIC,0.0848261,0,0,0
Mate Colina,RIC,0.116223,0,0,0
Thomson Dow,RIC,0.359684,0,0,0
Jonty Faull,RIC,0.113469,0,0,0
Liam Fawcett,RIC,0.155882,0,0,0
Josh Gibcus,RIC,0.956772,0,0,0
Campbell Gray,RIC,0.182321,0,0,0
Steely Green,RIC,0.290281,0,0,0
Oliver Hayes-Brown,RIC,0.0969441,0,0,0
Jacob Hopper,RIC,0.324983,0,0,0
Taj Hotton,RIC,0.387776,0,0,0
Jacob Koschitzke,RIC,0.0859277,0,0,0
Mykelti Lefau,RIC,0.0688523,0,0,0
Rhyan Mansell,RIC,0.318373,0,0,0
Kane McAuliffe,RIC,0.126137,0,0,0
Ben Miller,RIC,0.494635,0,0,0
Dion Prestia,RIC,0.0721572,0,0,0
Hugo Ralphsmith,RIC,0.175711,0,0,0
Maurice Rioli,RIC,0.134951,0,0,0
Samson Ryan,RIC,1.02948,0,0,0
Josh Smillie,RIC,3.22174,0,0,0
Kaleb Smith,RIC,2.26772,0,0,0
Tyler Sonsie,RIC,0.245114,0,0,0
Tim Taranto,RIC,0.65933,0,0,0
Nick Vlastuin,RIC,0.615815,0,0,0
Tylar Young,RIC,0.0572851,0,0,0
James Barrat,STK,0.250072,0,0,0
Dan Butler,STK,0.302399,0,0,0
Ryan Byrnes,STK,0.212616,0,0,0
Jack Carroll,STK,0.449468,0,0,0
Hunter Clark,STK,0.146518,0,0,0
Lance Collard,STK,0.137705,0,0,0
Zaine Cordy,STK,0.228039,0,0,0
Paddy Dow,STK,0.0925375,0,0,0
Liam Henry,STK,0.0418622,0,0,0
Jack Higgins,STK,0.428537,0,0,0
Bradley Hill,STK,0.886267,0,0,0
Dougal Howard,STK,0.0413114,0,0,0
Zak Jones,STK,0.339304,0,0,0
Max King,STK,0.170203,0,0,0
Angus McLennan,STK,0.228039,0,0,0
Mitch Owens,STK,0.134951,0,0,0
Mattaes Phillipou,STK,0.8411,0,0,0
Patrick Said,STK,0.261639,0,0,0
Cooper Sharman,STK,0.0688523,0,0,0
Liam Stocker,STK,0.259986,0,0,0
Alixzander Tauru,STK,0.549166,0,0,0
Jimmy Webster,STK,0.172957,0,0,0
Callum Wilkie,STK,0.603697,0,0,0
Mason Wood,STK,0.30295,0,0,0
Taylor Adams,SYD,0.248419,0,0,0
Joel Amartey,SYD,1.05812,0,0,0
Riak Andrew,SYD,0.156983,0,0,0
Ned Bowman,SYD,0.1008,0,0,0
Jack Buller,SYD,0.0451671,0,0,0
Caiden Cleary,SYD,0.228039,0,0,0
Harry Cunningham,SYD,0.136603,0,0,0
William Edwards,SYD,0.0523278,0,0,0
Oliver Florent,SYD,0.345363,0,0,0
Robbie Fox,SYD,0.207659,0,0,0
Aaron Francis,SYD,0.176813,0,0,0
William Green,SYD,0.143213,0,0,0
Brodie Grundy,SYD,0.744707,0,0,0
Errol Gulden,SYD,0.509507,0,0,0
Will Hayward,SYD,0.384471,0,0,0
James Jordon,SYD,0.750766,0,0,0
Indhi Kirk,SYD,0.143764,0,0,0
Peter Ladhams,SYD,0.608104,0,0,0
Blake Leidler,SYD,0.722123,0,0,0
Jake Lloyd,SYD,0.882962,0,0,0
Logan McDonald,SYD,0.0567343,0,0,0
Justin McInerney,SYD,0.0804195,0,0,0
Hayden McLean,SYD,0.0919867,0,0,0
Lewis Melican,SYD,0.800339,0,0,0
Callum Mills,SYD,1.91795,0,0,0
Caleb Mitchell,SYD,0.374557,0,0,0
Tom Papley,SYD,0.604248,0,0,0
Dane Rampe,SYD,1.76813,0,0,0
James Rowbottom,SYD,0.233547,0,0,0
Patrick Snell,SYD,0.0771146,0,0,0
Oskar Baker,WBD,0.164695,0,0,0
Marcus Bontempelli,WBD,2.22531,0,0,0
Lachlan Bramble,WBD,0.265495,0,0,0
Nick Coffield,WBD,0.22859,0,0,0
Jordan Croft,WBD,0.160839,0,0,0
Taylor Duryea,WBD,0.633441,0,0,0
Harvey Gallagher,WBD,0.597638,0,0,0
Riley Garcia,WBD,0.0765638,0,0,0
Ryan Gardner,WBD,0.584418,0,0,0
James Harmes,WBD,0.172406,0,0,0
Cooper Hynes,WBD,0.364642,0,0,0
Lachie Jaques,WBD,0.145967,0,0,0
Jason Johannisen,WBD,0.0347016,0,0,0
Arthur Jones,WBD,0.425232,0,0,0
Liam Jones,WBD,0.0996981,0,0,0
Buku Khamis,WBD,0.492432,0,0,0
Rory Lobb,WBD,0.94245,0,0,0
Lachlan McNeil,WBD,0.201049,0,0,0
Aaron Naughton,WBD,0.686871,0,0,0
James O'Donnell,WBD,0.343711,0,0,0
Caleb Poulter,WBD,0.176262,0,0,0
Anthony Scott,WBD,0.185075,0,0,0
Lachlan Smith,WBD,0.196091,0,0,0
Adam Treloar,WBD,0.165796,0,0,0
Jamarra Ugle-Hagan,WBD,0.144865,0,0,0
Cody Weightman,WBD,0.152026,0,0,0
Rhylee West,WBD,0.120629,0,0,0
Bailey Williams,WBD,0.174059,0,0,0
Oscar Allen,WCE,0.712208,0,0,0
Tyler Brockman,WCE,0.112918,0,0,0
Campbell Chesser,WCE,0.158636,0,0,0
Tom Cole,WCE,0.187829,0,0,0
Jamie Cripps,WCE,0.191685,0,0,0
Liam Duggan,WCE,0.358583,0,0,0
Harry Edwards,WCE,0.149823,0,0,0
Reuben Ginbey,WCE,0.61251,0,0,0
Lucca Grego,WCE,0.163042,0,0,0
Clay Hall,WCE,1.0427,0,0,0
Brady Hough,WCE,0.403199,0,0,0
Jayden Hunt,WCE,0.392734,0,0,0
Jack Hutchinson,WCE,0.478661,0,0,0
Callum Jamieson,WCE,0.0347016,0,0,0
Harvey Johnston,WCE,0.775002,0,0,0
Tim Kelly,WCE,0.274858,0,0,0
Noah Long,WCE,0.116223,0,0,0
Matthew Owies,WCE,0.909952,0,0,0
Jack Petruccelle,WCE,0.0743605,0,0,0
Loch Rawlinson,WCE,0.0771146,0,0,0
Harley Reid,WCE,4.50074,0,0,0
Liam Ryan,WCE,0.159737,0,0,0
Jobe Shanahan,WCE,0.426884,0,0,0
Dom Sheed,WCE,0.106859,0,0,0
Jake Waterman,WCE,0.609205,0,0,0
Bailey J. Williams,WCE,0.672549,0,0,0
Jack Williams,WCE,0.082072,0,0,0
Elliot Yeo,WCE,0.0506753,0,0,0
Francis Evans,CAR,0.144865,0,0,0
Lachlan McAndrew,ADE,0.191134,0,0,0
Jai Culley,MEL,0.32333,0,0,0
